fgdid,settlement,fgdcode,facilitator,notetaker,fgdate,yearmonitoring,starttime,endtime,maleparticipants,femaleparticipants,fgdversion,fgroundname,fgroundboat,fgroundtime,fgrounddist,fgroundsize,mpaname,mpaboat,mpatime,mpadist,mpasize,ntname,ntboat,nttime,ntdist,ntsize,mpahistl,mpahist,extbnd,intbnd,bndlandmarks,bndmarkers,bndsigns,bndgovnotice,bndwoutreach,bndaoutreach,bndvoutreach,bndword,bndotheroutreach,bndother,bndotherspecifyl,bndotherspecify,penaltyverbal,penaltywritten,penaltyaccess,penaltyequipment,penaltyfines,penaltyprison,penaltyother,penaltyotherspecifyl,penaltyotherspecify,npenalty,verbalsanction,physicalsanction,monetarysanction,conflictl,conflict,conflictusertime,conflictofficialtime,conflictusercost,conflictofficialcost,conflictuserdist,conflictofficialdist,otherinfol,otherinfo,otherpeoplel,otherpeople,othersourcesl,othersources,traditionalgovernance,traditionalgovernance,conflictn,congroup,conbtwgroups,conbtwgroupngov,congov,contypemarine,contypegov,contypeusers,contyperec,contypeother,contypeotherspecifyl,contypeotherspecify,dataentryid,datacheckid,notesl ,notes,qaqcnotes
21,48,3,12,14,11/28/2011,2011,8:07:00 PM,9:40:00 PM,8,0,2,"Wayel, Wayeb & Kaleb","Katinting, Speedboat",75,1.6,997,Wilayah MER (Misool Echo Resort),Katinting,120,3.2,997,KKLD Misool Timur Selatan,Katinting,0,0,997,"Dari zaman ke zaman, sejak masa orang tua kami, dari dulu karang laut bagus. Saat sekarang ini, dengan bertambahnya orang/penduduk, kebutuhan semakin bertambah juga sehingga hasil laut terus diambil. 
Tetapi dengan adanya TNC, maka biota-biota dan karang di laut dapat terjaga.
Setelah ada perusahaan di MER, masyarakat sudah mempunyai pekerjaan, namun saat SASI diberlakukan atau SASI dibuka, orang-orang yang sudah mempunyai pekerjaan di perusahaan malah ikut mengambil hasil laut (saat SASI dibuka)",,,,1,0,0,0,0,0,0,1,1,0,998,,1,1,998,1,1,0,998,998,,4,1,0,1,Apabila terjadi konflik antara pengguna maka langsung dibawa ke kepala kampung dan kepala adat. Masyarakat yang menentukan sanksi kepada orang yang berbuat pelanggaran atau jenis sanksinya.,,998,998,998,998,998,998,Yang penting adalah orang yang molo lola dan batulaga karena itu sumber pendapatan terbesar masyarakat,,Bapak Kepala Kampung dan orang yang ikut FGD sudah dapat mewakili masyarakat jadi tidak ada lagi,,Tidak ada,,993,,993,993,993,993,993,993,993,993,993,993,993,,995,995,"Q2. Wilayah SASI meliputi semua lokasi yang ada di Misool Selatan karena ada di Kampung Yellu. SASI di wilayah MER biasanya 2 tahun.
Q3. Batas KKLD dari Tanjung Foley hingga Kapatcol, waktu tempuh dari Dabatan ke Tanjung Foley dgn speed selama 1 jam dan bodi 15 PK selama 2 jam; Dabatan ke pulau yang berbatasan paling luar sebelah kiri dengan speed 40 PK 2 buah selama 2 jam dan bodi kayu 40 pk 1 buah selama 2,5 jam serta bodi kayu 15 PK selama 6 jam; Dabatan ke Kapatcol dengan body kayu 15 PK selama 2 jam
Q6.a-c. Kili yaitu pelindung mata berukuran kecil
Q11. Masyarakat tahu SASI dari pengumuman
Q21. Peraturan pertama yang diberlakukan adalah Peringatan Lisan, apabila pelanggaran diulangi maka langsung didenda
Q22. Selama ini belum terjadi bahwa setiap kelompok memberikan sanksi.
Q24. Belum ada konflik
Q25. Biaya untuk menyelesaikan konflik adalah 15 juta per perahu",,998
22,52,2,12,13,11/1/2011,2011,8:35:00 PM,10:29:00 PM,6,1,2,Tanjung Wala,Katinting,45,2.5,998,Bobotlap,Katinting,4,0.5,998,KKLD Misool,Katinting,0,0,998,"Sebelum adanya KKLD kawasan Kapatcol sering didatangi oleh para nelayan yang menggunakan bom dan kompresor sehingga menyebabkan karang di sekitar kampung rusak. Hal ini yang menyebabkan masyarakat menerima program pemerintah (KKLD) dan program TNC yang berupaya u/menjaga kawasan ini.
SASI muncul karena adanya dorongan dari ibu-ibu yang melihat ancaman kehancuran kawasan.
Penetapan kawasan SASI berdasarkan persetujuan dari tokoh agama dan pemerintah kampung
Kondisi karang dan suasana saat ini di sekitar kampung semakin membaik dan diikuti oleh semakin banyaknya ikan dan masyarakat semakin mudah mencari ikan.",,,,1,0,0,1,1,1,0,1,0,1,Melalui Gereja,,1,0,0,1,1,1,1,Sanksi gereja,,5,1,1,1,Konflik antara pengguna dari luar yang gunakan bom dengan masyarakat lokal. Penyelesaiannya menggunakan aparat keamanan dan dilakukan penyitaan peralatan.,,1,997,300000,997,330,997,997,,"Kepala Kampung, Ketua & Wakil SASI, Bapak yesaya Kacili, Sekdes",,Tidak ada,,993,,993,993,993,993,993,993,993,993,993,993,993,,995,995,"Q21. Kasus yang pernah terjadi sehubungan dengan sanksi dari gereja sekitar 5-7 tahun lalu, ada orang yang sakit dan meninggal karena melanggar SASI yang telah dibuat.
Q24. Konflik biasanya diselesaikan ke Waisai atau Sorong
Q26. Perjalanan menggunakan perahu dengan mesin 40 PK selama 5-6 jam.",,998
23,53,4,12,13,11/29/2011,2011,10:25:00 AM,12:31:00 PM,8,0,2,Wayaban dan Kalek,Katinting,90,28.2,997,Wilayah MER (Misool Echo Resort),Katinting,210,998,998,997,998,998,998,998,"Pada saat dahulu, saat mencari ikan, hasil yang didapat banyak. Namun, sekarang hasil yang diperoleh berkurang karena lokasi mencari semakin sempit. Lokasi yang sempit karena di kontrak oleh perusahaan Mutiara dan MER.",,,,0,0,1,0,0,0,0,1,0,0,998,,1,997,997,997,997,997,998,998,,1,1,0,0,Selama ini belum ada konflik antara pengguna tentang pemanfaatan laut. Tetapi kalau ada diselesaikan secara kekeluargaan,,998,998,998,998,998,998,Tidak ada,,Tidak ada lagi,,Tidak ada,,993,,993,993,993,993,993,993,993,993,993,993,993,,995,995,"Q1.b. Perjalanan dengan Kantinting mesin 15 PK=30 menit, dengan mesin 40 PK=15 menit.
Q1.d Jarak menuju daerah penangkapan ikan 15-20 Mil
Q3. Masyarakat di Kayerepop tidak terlalu mengetahui tentang wilayah KKLD karena merupakan daerah yang dulunya merupakan daerah pecahan dari Yellu.
Q5. Spesies yang banyak dijumpai: Teripang, udang/lobster, batu laga, lola, sirip hiu, ikan kerapu, ikan  su.., Mamin.
Q8. Dulu, hukuman yang diberlakukan antara lain: mengangkat batu ke Masjid sebanyak 5 kubik dengan berjalan kaki . Perubahan sanksi atau hukuman terjadi karena pengaruh ""kepemimpinan"". Saat ini adat yang lebih berperan, yaitu adat menentukan SASI kemudian diberitahukan ke aparat kampung dan diteruskan ke masyarakat.
Q9 & Q10. Tidak ada batas yang jelas antara Perusahaan MER, Perusahaan PT.Yellu dengan wilayah penangkapan masyarakat. Namun di atas peta masyarakat dapat menggambarkan batas wilayah dengan jelas. Batas wilayah adalah pulau Jam karena digunakan oleh TNC dan batasnya adalah Rep. 
Q11. Batas DPL hanya berupa batas alam
Q16. Q17, Q18. Adat memegang peranan dalam merancang organisasi yang mengelola DPL
Q18.Q19, Q20,  Kelompok pengguna sebenarnya tidak pernah
Q21. Adat yang mengatur 
",,998
24,58,1,12,1,10/26/2011,2011,8:44:00 AM,11:30:00 AM,12,0,2,Tempat mencari Ikan,Katinting,60,16.1,997,Pulau Jam,Katinting,60,13.7,0.01,KKLD Misool,Katinting,0,0,3660,"Sebelum terbentuk KKLD, banyak masyarakat dari luar daerah Misool yang datang mencari ikan. Setelah terbentuk KKLD, 2 atau 3 tahun yang lalu, terbentuk juga kelompok monitoring yang dibentuk oleh TNC. Adanya KKLD tidak terlalu mempengaruhi pola pemanfaatan sumberdaya laut oleh masyarakat Yellu. Masyarakat/tokoh ada yang mengontrakkan areal adatnya untuk MER (Misool Echo Resort), MER mendapat exclusive right untuk daerah tersebut.",,,,1,0,0,1,1,0,1,1,0,1,Dikomunikasikan oleh tim monitoring/patroli,,1,0,0,1,1,1,1,Sanksi adat (mengangkut batu 5 kubik),,5,1,1,1,"Apabila konflik terjadi dengan pengguna dari luar daerah Yellu maka pelaku pelanggaran diminta meninggalkan wilayah perairan sekitar daerah Yellu.
Kurang lebih 10 tahun yang lalu ada pelanggaran penggunaan bius oleh nelayan dari luar daerah, masyarakat menangkap orang tersebut dan menyerahkannya pada pemerintah daerah. Orang tersebut diadili dengan hukuman penjara 1,5 tahun dan denda uang 350 juta rupiah.",,1,7,30000000,320000000,0,240,"Pemahaman mengenai KKLD masih sangat minim dikalangan masyarakat, diperlukan sosialisasi yang lebih aktif",,Tidak ada,,Tidak ada,,993,,993,993,993,993,993,993,993,993,993,993,993,,995,995,"Q26. Untuk meyelesaikan konflik, biasanya sampai dilakukan ke Sorong",,998
25,63,5,3,3,11/29/2011,2011,7:30:00 PM,9:03:00 PM,13,2,2,Motlol,Katinting,60,8,50,998,998,998,998,998,998,998,998,998,998,"Pada awalnya untuk mengetahui laut dan potensinya, dilakukan dengan cara memancing dari satu tempat ke tempat lain dan akhirnya dapat diketahui tempat dimana ikan banyak ditemukan. Tempat tersebut selanjutnya ditetapkan dan ketahui mempunyai potensi ikan yang bagus. Orang-orang dari  luar kampung mengetahui tempat tersebut dengan pergi bersama petugas untuk memancing dan juga bertanya kepada masyarakat. Selain itu juga, mereka mengetahuinya melalui informasi yang beredar secara lisan (dari mulut ke mulut). 
Pada tahun lalu, ikan yang dijumpai masih banyak. Tetapi tahun ini mulai berkurang karena banyak yang menggunakan bom dan jaring terutama orang dari luar kampung yang hampir setiap minggu datang untuk mengambil ikan.",,,,0,0,1,1,0,0,0,1,0,998,998,,1,0,0,1,1,0,998,998,,3,1,0,1,Selama ini belum pernah ada konflik tentang laut. Penggunaan bom sudah pernah terjadi tetapi pelaku tidak ditangkap karena masyarakat takut menjadi korban pelemparan bom.,,998,998,998,998,998,998,"1] Meminta bantuan dari provinsi untuk pengamanan laut, kami telah sampaikan hal ini ke kabupaten tetapi tidak ada tanggapan/perhatian meskipun penggunaan bahan peledak semakin meningkat. Pelaku pengeboman telah dilarang tetapi tindakan mereka semakin bertambah.2] Ikan atau biota laut di Misool masih banyak, oleh karena itu perlu dijaga. Contohnya: penyu/teteruga dan terumbu karang masih banyak sehingga perlu penanganan terutama dari pemerintah, tokoh adat dan nelayan.3] Orang-orang yang melakukan pengeboman biasanya datang saat masyarakat sedang beribadah di gereja.",,Tidak ada,,Tidak ada,,993,,993,993,993,993,993,993,993,993,993,993,993,,995,995,"Q1. Dahulu masyarakat menggunakan perahu dayung, saat ini sudah menggunakan katintingQ2. Daerah ""No-Fishing"" belum ada, baru direncanakanQ12. & Q13. Masyarakat lokal umumnya mengetahui batas eksternal, sedangkan kelompok pengguna yang lain tidak mengetahuinya. Untuk batas internal, semua kelompok pengguna tidak mengetahuinya.Q18. & Q19. Kelompok pengguna tidak pernah melakukan monitoring dan penerapan peraturanQ20. Khusus kelompok penggunan masyarakat lokal biasanya atas dasar kesadaran sendiri melakukan monitoring terhadap kepatuha penggunaan sumber daya laut.Q22. Semua kelompok pengguna tidak pernah memberikan sanksi ketika orang melakukan pelanggaran.",,998
93,47,1,3,32,10/13/2013,2013,8:15:00 AM,9:30:00 AM,8,0,3,Pulau lima(Iflim),Dayung,60,2,0.5,Biga Utara,Dayung,1440,998,998,P.yan(Bank) Penyu,Katinting,180,997,997,"Cerita dari mulut ke mulut dimana jika ada dua atau tiga orang pergi mancingdan dapat ikan yang banya maka ketika diinterogasikan  ke nelayan yang orang lain
Dari orang TNC yang menyelam
Terjadi perubahan jumlah ikan yang ditangkap semakin sedikit (Dulu bisa mancing dengan mata kail kosong sekarang sudah tidak harus pakai umpan)
Terjadi perubahan alat yang digunakan
",,,,0,0,0,0,0,0,0,1,0,1,Menggabungkan 5 kampung untuk diskusi bersama mengenai batas-batas wilayah mereka,,1,0,998,1,0,0,0,998,,998,998,998,998,Belum Pernah Terjadi Konflik,,998,998,998,998,998,998,"TNC Soal teripang tidak ada tindakan lanjutan(Idenya juga dari TNC) dan tidak ada info lanjutan yang jelas
Ditempat teripang dulu ada teripang  sekarang tidak ada,karena orang lilinta ambil-ambil  batu  karang sehingga teripang hilang",,Tidak ada,,Belum ada,,993,,993,993,993,993,993,993,993,993,993,993,993,,8,8,998,,998
94,50,3,3,3,10/16/2013,2013,8:13:00 PM,9:23:00 PM,9,2,3,Lamlamkaya,Katinting,15,1,0.3,Gamta Timur,Katinting,120,998,998,Tapalo(Daerah Tabung Ikan),Katinting,20,1,998,"Mengingat dulu hasil belum pas setelah KKLD masuk hasil mulai meningkat dan akan berkembang
Dalam TNC masuk berikan tanggapan dan pemasaran kepada masyarakat,tentang bagaimana menggunakan laut dan mereka berikan sosialisasi,sehingga masyarakat paham maka masyarakat sepakat untuk buat batas,kurang lebih 10 tahun sudah laut kami aman dari penggunaan kompres dan BOM",,,,0,1,1,0,0,0,0,1,0,1,Lewat musyawarah di Distrik,,1,1,0,1,0,0,0,998,,998,998,998,998,"Tidak ada konflik,kalau ada diselesaikan dengan Adat dan Pemerintah",,998,998,998,998,998,998,"Kami butuhkan bantuan perikanan,selama ini tidak pernah dapat bantuan sehingga kegiatan laut disini sangat rendah,tidak ada penunjang seperti(Keramba,Alat)
",,Untuk wilayah kampung kami juga ikut kegiatan FGD,,Belum ada,,993,,993,993,993,993,993,993,993,993,993,993,993,,8,8,998,,998
95,51,6,36,32,10/26/2013,2013,8:00:00 PM,10:30:00 PM,8,2,3,Pulau Lase,Katinting,180,15,1,KKLD Misool,Katinting,720,35,175,Pulau Jam,Katinting,180,15,1,"Pengelolaan KKLD secara spesifik belum disosialisasikan, namun dengan adanya Patroli dan Monitoring yang dilakukan di daerah Penangkapan oleh lokal Nasyarakat dan LSM. Hal itu mengurangi aktivitas Nelayan dari luar masuk ke Daerah KKLD Misool untuk melakukan penangkapan Ikan. ",,,,1,1,1,1,1,0,0,1,1,0,998,,1,1,1,1,1,1,1,Jika melanggar Sasi hukumannya Kerja Bhakti di Masjid Bagi Nelayan lokal  ,,998,998,998,998,"a. Sesama pengguna (Lokal dan Nelayan Laut) Ketika ada masalah di Laut, diselesaikan ditempat jika tidak dibawa ke Kampung dan Tokoh Adat. (b), Antara pengguna dengan Petugas jika kedapatan menangkap ikan dengan menggunakan Bom, Bius, dan Masik ke DPL maka akan ditangkap oleh Petugas dan di Proses selanjuntnya di Tahan. ",,1.5,3.5,150000,100000,90,570,Tidak ada,,Tidak ada rekomendasi dari Peserta FGD,,Tidak ada,,993,,993,993,993,993,993,993,993,993,993,993,993,,8,8,"1. Tergantung Jenis Perahu (ringan atau Berat)
2. Tergantung jenis Perahu (Kapasitas Mesin)
3. Tergantung bobot atau Jenis Katinting
10. Sasi musiman setiap 1 Tahun sekali dibuka. Daerah perlindungan (Zona Inti)
15. c. Lola PSPL Sorong
d. TNC (The Nature Conservation
17. Lola PSPL Sorong
21. Untuk Nelayan Lokal dan Nelayan Luar Denda, Rp. 20 Juta Ketika masuk ke DPL 
22. Dari Polairit yang melakukan pengawasan bersama dengan DKP Kabupaten dan Pendamping masyarakat lokal. 
26. Tergantung jenis kapal ",,998
96,52,5,3,3,10/22/2013,2013,9:15:00 PM,10:13:00 PM,9,1,3,Fagam,Katinting,60,2,70000,Fielpo,Katinting,10,997,0.2,998,998,998,998,998,"Dari Nenek moyang sampai saat ini perkembangan hasil-hasil ikan atau hasil laut ada perbedaan. dulu banyak tetapi sekarang tidak,karena hasil yang hampir punah maka perlu dilakukan perlindungan terhadap laut. yang mengajak untuk melindungi dari KKLD, masuk  tahun 1996 dan melakukan sosialisasi bekerja sama dengan kabupaten",,,,0,0,1,0,0,0,0,0,0,998,0,,1,0,0,0,0,0,0,998,,998,998,998,998,"Konflik dengan pencari ikan dari orang luar, konflik diselesaikan dengan cara adat dan pemerintah",,998,998,998,998,998,998,Setiap pertukaran cuaca ikan paus dan ikan pari besar suka parkir dikampung,,Dari  TNC saja,,"1. INDO PACIFIK CORAL REEF FIELD GUIDE, BY GERALD R ALLEN DAN ROGER STEENCE.  2. ALERT DILER",,993,,993,993,993,993,993,993,993,993,993,993,993,,8,8,998,,998
97,55,2,3,32,10/15/2013,2013,19:43 AM,21:00 AM,8,2,3,Langkisil,Katinting,30,2,1,KKLD Misool,998,998,998,998,998,998,998,998,998,"Karena dulu peralatan tangkapnya masih saderhana sehingga banyak ikan,tetapi karena alat sekarang semakin canggih maka ikan semakin berkurang,sehingga Magei 2000 TNC masuk di KKLD Misool,sosialisasi tentang KKLD walaupun ada prokontra pada tahun 2002 Magei masuk KKLD Misool
2000 TNC:
Cara melindungi ikan,bakau dan lain-lain
Ada Prokontra,tetapi TNC tetap jalan terus
Sebelum TNC datang ikan berkurang(Potas,Bom,Pukat harimau)Setelah TNC terjadi perubahan yang semakin baik",,,,0,0,1,1,998,1,1,1,0,998,998,,1,0,998,0,1,0,998,998,,998,998,998,998,"Tahun ini Belum ada komflik.
Tahun kemarin pernah bertengkar tentang Lola,teripang.Penyelesaian
1.Adat,pemerintahan,kepolisian",,1,995,100000,997,60,120,Tidak Ada,,Tidak ada,,Tidak ada,,993,,993,993,993,993,993,993,993,993,993,993,993,,8,8,998,,998
98,56,7,36,36,10/29/2013,2013,9:15:00 PM,11:00:00 PM,6,1,3,Pulau Mustika,Katinting,60,150,6000,KKLD Misool,Katinting 15 PK,240,17.5,336000,Mas-Mas Wolid,Perahu Motor 15 PK,150,12,4000,"DPI. Pada jaman dulu memnggunaka Pancing Tonda, Nelon, Batang sederhana untuk Balobe menggunakan Bambu Kering untuk Petromax. DPL Pada jaman dulu area DPL tidak ada yang masuk kecuali orang tua yang berasal dari Masyarakat Lokal (Kampung Tomolol), saling menghargai sesama Nelayan. sekarang ini dijaman modern banyak orang-orang yang ingin masuk ke Raja Ampat sehingga susah untuk diawasi. tetapi dengan adanya penetapan Kawasan KKLD Misool sumberdaya Laut tetap terjaga. ",,,,0,0,0,0,1,997,997,997,997,997,997,,1,1,1,0,1,1,998,998,,998,998,998,998,"Diselesaikan secara kekeluargaan dengan melibatkan Aparat Kampung, Tokoh Adat dan Agama. ",,2,7,500000,1500000,10,30,Tidak ada,,Sustenin Folley (Bamuskam) Amos Fadimpo (Sekam),,Tidak ada,,993,,993,993,993,993,993,993,993,993,993,993,993,,8,8,"Halaman 1. FGD dilaksanakan di Kantor Balai Desa Kampung Tomolol
21. Denda bagi Orang Nasrani untuk Gereja Pasir 10 Kubik dan Batu 10 Kubik",,998
99,59,4,3,3,10/21/2013,2013,8:25:00 PM,9:37:00 PM,5,0,3,Tanjung Sata (Tanjung Tengiri),Katinting,45,7,0.3,998,998,998,998,998,998,998,998,998,998,"Aduwei dulu tidak dimasukkan dalam wilayah KKLD tapi karena ada kasus Bom dan potorium sehingga dilindungi lewat sasi. kemudian sudah ada batas-batas sehingga dibuat sasi untuk melindungi. Sasi Sudah terbentuk dari jaman dulu. Perubahan karena hasil berkurang, dulu hasil banyak sekarang bisa dikatakan punah atau kurang sekali, sehingga diantisipasi dengan sasi dan sekarang mulai baik.",,,,0,1,1,1,0,0,0,1,0,0,998,,1,0,0,0,0,0,0,998,,998,998,998,998,"Bila ada konflik, diselesaikan dengan Adat,Gereja, dan Pemerintah (3 tungku)",,998,998,998,998,998,998,"Laut Aduwei laut yang kaya akan ikan,ikan banyak sekali",,Tidak ada lagi,,Tidak ada,,993,,993,993,993,993,993,993,993,993,993,993,993,,8,8,998,,998
100,60,10,36,36,11/3/2013,2013,2:00:00 PM,4:00:00 PM,6,2,3,Reef-reef Wamu dan Batugosok,Katinting,15,1,0.4,998,998,998,998,998,Semua Wilayah DPL,Katinting,15,1,400,"Fakta yang pada saat dulu, (a), Teripang banyak ditemukan di sekitar Pulau. (b), Ikan Melimpah, (c), Peralatan canggih dalam menagkap iakn belum ada. (d), Dulu menangkap ikan dengan pakai Tombak. (e), Orang luar Jarang Masuk, (f). Belum ada transaksi jual beli hasil Laut.  ",,,,1,1,1,997,1,1,0,1,997,998,998,,1,1,1,0,0,0,997,997,,998,998,998,998,"Belum pernah ada konflik dan melibatkan petugas, biasanya ada konflik tetapi hanya terjadi dalam Kampung dan diselesaikan secara musyawarah bersama Aparat Kampung dan Tokoh Adat",,1,1,500000,1000000,30,60,998,,998,,998,,993,,993,993,993,993,993,993,993,993,993,993,993,,8,8,10. Internal : wilayah Sasi. Eksternal Bebas,,998
101,61,8,36,36,11/30/2013,2013,19:30 PM,21:00 PM,5,2,3,Reef  Masau Lit dan Reef Hajalu,Katinting atau Motor Tempel,30,3,1,998,998,998,998,998,Reef Kasangla,Katinting atau Motor Tempel,30,3,0.5,998,,,,1,0,0,1,1,0,1,1,0,998,998,,0,0,0,1,0,0,998,998,,998,998,998,998,Pernah terjadi konflik antara Nelayan Lokal dan Nelayan Wejim. Menangkap di Wilayah Laut Folley dengan membom dan Bius dan menjual hasil ke Folley sehingga Nelayan Folley marah dan terjadi perkelahian namun sudah menyelesaikan dengan melibatkan tiga Tokoh masyarakat dari masing-masing Kampung. ,,1.5,1.5,500000,1000000,30,120,"Harapan kami semoga TNC, Petugas Patroli dan Pemerintah Daerah memperhatikan lebih untuk menjaga Laut di wilayah Kampung Folley",,Piter Kaiyai (Bamuskam),,Tidak ada,,993,,993,993,993,993,993,993,993,993,993,993,993,,8,8,"Halaman depan. FGD dilakukan di Rumah Bapa Kepala Kampung Folley
1. Sebagian masuk di KLD Misool
2. e. Bentuk L
11. e. Melalui Gereja
14. d. TNC
15. d. TNC1
16. d. TNC
18. d. TNC
19. d. TNC
20. d. TNC
22.d. TNC",,998
102,62,9,36,36,11/1/2013,2013,20:30 PM,23:00 PM,9,2,3,Reef Jagah,Katinting,30,3,500,998,998,998,998,998,Reef Gorofulo,Katinting,20,2,50,998,,,,1,1,0,0,1,0,0,1,0,998,998,,1,1,1,0,0,998,998,998,,998,998,998,998,Dilakukan Musyawarah bersama segenap elemen Masyarakat,,1,3,200000,1000000,30,240,Masyarakat Loka selalu mematuhi aturan yang ditetapkan oleh Aparat Kampung dan Pemerintah Daerah Raja Ampat tetapi Nelayan dari Luar yang masuk melanggar aturan tersebut. ,,Pdt. Yunus Maspaitela,,Tidak ada,,993,,993,993,993,993,993,993,993,993,993,993,993,,8,8,11. Lewat Gereja,,998
103,63,12,36,36,11/6/2013,2013,20:00 PM,22:30 PM,7,1,3,Reef Pulau Kenari,Katinting 5 PK,30,2.5,0.5,998,998,998,998,998,Bagian Utara Pulau Kenari,Katinting dan Jonson,60,5,2,998,,,,1,0,1,1,0,0,0,1,0,998,998,,1,0,1,0,0,0,998,998,,998,998,998,998,Tidak ada,,998,998,998,998,998,998,Tolong Pemerintah Kabupaten Raja Ampat berikan Perhatian lebih ke masyarakat yang tinggal di daerah Konservasi,,Tidak ada,,Tidak ada,,993,,993,993,993,993,993,993,993,993,993,993,993,,8,8,11. c. Tanda Pulau dan Reef ;13. Sama,,998
104,64,11,36,36,11/4/2013,2013,10:00:00 AM,11:00:00 AM,6,1,3,Reef Pulau Lii,Katinting,60,15,1,998,998,998,998,998,Bagian Utara Pulau Panjang,Katinting,50,12,7.5,998,,,,1,1,1,0,0,0,0,0,1,998,998,,1,1,1,1,0,1,998,998,,998,998,998,998,Pengusaha Buton jangan memotong anggotanya (anak buah) ketika melanggar aturan jangan dalam bagan. Aturan Nelayan lokal dengan wejim menyelam dan mengambil hasil kemudian disita oleh Aparat Kampung Solal dengan di Laporkan ke Polisi. Alat disita dan di kembalikan kemudian diberikan teguran.,,2,7,20000,1000000,180,360,USUL: Khusus untuk Pengusaha agar pemboman sangat ditolakuntuk masuk ke Wilayah Solal. Tidak setuju dengan cara penangkapan dari Nelayan. Perlu ada perhatian Distrik sampai Provinsi.  ,,Sekretaris Kampung,,Tidak ada,,993,,993,993,993,993,993,993,993,993,993,993,993,,8,8,"Halaman Depan (1). FGD dilakasanakan di Balai Kampung Solal 8. Sasi Meti atau Musiman dibawa ke Gereja di Doakan. Setelah itu dikelola dan di Buka. Paling rendah 6 bulan sekali. Jika Natal Sasi dibuka.  10. Semua Wilayah di Solal Sasi Kampung kecuali Reef Solal 15. Aparat Kampung, Gereja, Keluarga dan Masyarakat (anak ambil) 16. Gereja terlibat. Yang terlibat dalam Penutupan sasi di Solal hanya Pemerintah Kampung dan Gereja. 17. Pemerintah Kampung Menyangkut Agama dan Gereja 18. Dari Kabupaten juga tangung jawab turun kontrol dalam terutama gabungan (DKP Raja Ampat, Polisi, LSM ditingkat raja Ampat 21. Penyitaan hasi Tangkapan. Pelaporan ke pihak yang berwajib di Misool Utara.",,998
105,65,13,36,36,11/7/2013,2013,20:30 PM,22:00 PM,10,0,3,Pulau Bug,Katinting,120,23,2.5,998,998,998,998,998,Pulau Kenari dan Tanjung Feddom,Katinting,90,2,5,998,,,,1,1,1,1,0,0,0,1,0,998,998,,1,1,1,1,1,0,1,Jika ada yang tertangkap melangga aturan Sasi akan diberikan sanksi berupa berkerja di Rumah Ibadah. ,,998,998,998,998,Pada tahun 2012. Pernah ada terjadi konflik antara Nelayan dari Sorong (Pulau Buaya) dan Aparat TNI AD (Koramil). Aparat tersebut menembak mati beberapa Nelayan di Pulau Buaya yang membom ikan. Petugas tersebut diperiksa dan dibawa ke Mahkama Militer Jayapura untuk diadili. ,,30,90,50000,1000000,30,540,Harapan kami semua Wilayah Waigama diusahakan dalam kawasan KKLD Misool dan membuat Pos Patroli di Pualu Senyu dan Pulau Nampale. ,,Bapa Atik Rumadal (Tokoh Agama) Pengusaha Ikan. ,,Tidak ada,,993,,993,993,993,993,993,993,993,993,993,993,993,,8,8,998,,998
106,58,1,58,58,11/18/2015,2015,7:45:00 PM,8:23:00 PM,6,0,4,Wayeb,Katinting,60,2,50,Warakaked,Katinting,180,2,25,KKPD Misool,Katinting,180,4,2500,"*] Pembentukan DPL dimulai pada tahun 2003 dimana Pemerintah melihat Raja Ampat memiliki potensi cukup besar dan menurut penelitian Keaneka ragaman Hayati 75 % ada di Raja Ampat  *] Dulu banyal orang menggunakan potas, bom yang dilakukan oleh masyarakat dari makasar, pilipina *] Tingkat pengelolaan semakin meningkat dari Tahun ke Tahun *]Banyaknya perubahan karena semakin banyak yang mendukung",,,,0,1,0,0,1,1,0,0,998,1,Lewat Musyawarah,,1,1,0,1,1,1,1,Angkat Batu,,6,1,1,1,Belum ada konflik,,1,998,100000,998,998,998,Tidak ada,,1]Abdul Rajab Kanher  2]Nawawi Mayor,,Tidak ada,,993,,993,993,993,993,993,993,993,993,993,993,993,,42,42,"Q1a. Kabuke, Wayaban, Wayel, Waleb  Q3a. DPL Misool  Q11b. Bola Pelampung (Ket : Merah untuk Tanda larangan dan Warna Biru dan Kuning untuk tanda boleh beraktivitas)  Q16g. TNC  Q17a. Sasi  Q18. Kelompok pengguna menangkap ikan sambil mengontrol Q19. Tidak pernah dimonitoring  Q22. Selain pemerintah kampung belum ada yang memberi sangsi  Q23. Belum ada konflik, penyelesaian dengan cara kekeluargaan, hukum (polisi), Adat pemerintah kampung",,998
107,53,2,58,58,10/22/2015,2015,1:25:00 PM,3:17:00 PM,6,0,4,Wayel,Katinting,180,5,10,998,998,998,998,998,KKPD Misool,Katinting,180,6,998,Berdasarkan Hasil Penelitian Ikan yang terbanyak di tangkap di daerah  maka dibentuk daerah konservasi dengan maksud untuk pembibitan Ikan dan pembibitan karang - Tingkat pengelolaannya semakin baik karena didkung pemerintah,,,,1,1,0,0,0,0,0,1,0,998,998,,1,1,0,1,0,0,1,Keluar dari Kampung,,4,1,1,0,Penyelesaian konflik secara kekeluargaan difasilitasi pemerintah kampung,,1,1,20000,20000,998,998,Tidak ada ,,Hj. Ali Rumbarab,,Tidak ada,,993,,993,993,993,993,993,993,993,993,993,993,993,,42,42,"Q1a. Olobi, Wayel, Walib Q1e. Lautan Bebas Q2a. Badbitin, Kalek Q16g. TNC Q17. TNC dan Pemerintah Kampung saling kerjasama membuat aturan dengan jangan menangkap ikan zona tabungan ikan",,998
108,48,3,58,58,10/23/2015,2015,7:42:00 PM,9:55:00 PM,8,0,4,Sagaf,Katinting,60,1,1,998,998,998,998,998,KKPD Misool,Katinting,120,6,10,"Karena adanya kontrak, maka dibentuk daerah konservasi dengan tujuan unutk menjaga kelestarian laut",,,,998,1,0,1,1,0,0,1,1,998,998,,1,1,0,0,1,0,998,998,,3,2,0,1,Masyarakat yang Berkonflik dibawah ke Pemerintahan Kampung (Adat) untuk diselesaikan,,1,1,100000,100000,5,5,Tidak ada,,1]Taha Bahale (Wakil Ketua Adat)  2]Hamdani Bahale (Bamuskam),,Tidak Ada,,993,,993,993,993,993,993,993,993,993,993,993,993,,42,42,"Q1b. Mesin 5 PK Q3. Daerah tidak boleh tangkap ikan : Warhakad, Bad, Bitin, Yelhit, Keleb  Q6d. Jenis kegiatan dan peralatannya sama untuk setiap kelompok  Q12. Semua Kelompok sudah tahu batas-batas daerah yang dilindungi/dijaga   Q16&17d. Baseftin   Q16g. TNC   Q19. Tidak ada kelompok yang memonitor  Q25b. Beli makanan",,998
